rule_id,rule_version_id,risky_text,safe_text,regulatory_score,advertising_score,derived_from_keyword_id,legal_basis_doc,legal_basis_article,created_at
fd77edd3-aee5-48e0-8969-285d369bb47a,ee8da273-7f54-437c-a5cd-b829b327fcfa,투약,복용 기록,3,0,92dab2d4-0232-4ade-9c97-f3618100ef75,kr-pharmaceutical-affairs-act-20260621,제44조,2026-08-14 04:04:59.997176+00:00
5aaab808-5146-448e-b8d4-48d0770b20ee,ee8da273-7f54-437c-a5cd-b829b327fcfa,정신질환자에 대하여 조제하는 경우,정신건강 상태 확인,3,0,7b550d1d-41ca-4069-90b8-2b2911d9deaf,kr-pharmaceutical-affairs-act-20260621,제23조,2026-08-14 04:04:59.997176+00:00
9a102fe6-ba0f-4742-a229-322404509e4b,ee8da273-7f54-437c-a5cd-b829b327fcfa,질병 진단,건강 상태 확인,2,0,b0f027d6-2bba-4eb3-a171-420c7e4b7a22,kr-pharmaceutical-affairs-act-20260621,제2조,2026-08-14 04:04:59.997176+00:00
70957bb6-356b-4449-bfbd-55348d7de651,ee8da273-7f54-437c-a5cd-b829b327fcfa,정신적 안정 측정,정신적 안정 변화 추이 확인 (수치·알람 기능 없이),1,0,5662d750-d9bd-4eef-b846-b73f557d9d0b,kr-mfds-wellness-0091-03-20260212,IV.3,2026-08-14 04:04:59.997176+00:00
38ee8f32-c805-4fe1-822e-bc581d03e7ee,ee8da273-7f54-437c-a5cd-b829b327fcfa,체온 측정,체온 변화 추이 확인 (수치·알람 기능 없이),2,0,62cf44f6-51d3-4ebd-96f9-cf69e0974626,kr-mfds-wellness-0091-03-20260212,IV.3,2026-08-14 04:04:59.997176+00:00
e6c7e8fe-a1e6-46d7-8e81-7a034484744f,ee8da273-7f54-437c-a5cd-b829b327fcfa,저혈압 치료,저혈압 관리,2,0,0d40b255-fa1b-4dbb-b619-f5c0d7055130,kr-mfds-wellness-0091-03-20260212,IV.2.가,2026-08-14 04:04:59.997176+00:00
a77d2d59-68a2-41e2-87d2-aabebcdda3fb,ee8da273-7f54-437c-a5cd-b829b327fcfa,고혈압 처방,고혈압 안내,3,0,04d43b30-9695-4378-b3cf-c26c7dbdc09c,kr-mfds-wellness-0091-03-20260212,IV.2.나,2026-08-14 04:04:59.997176+00:00
1eb70047-be3f-4243-bcdf-8a80b44750eb,ee8da273-7f54-437c-a5cd-b829b327fcfa,당뇨 처방,당뇨 안내,3,0,04d43b30-9695-4378-b3cf-c26c7dbdc09c,kr-mfds-wellness-0091-03-20260212,IV.2.나,2026-08-14 04:04:59.997176+00:00
749e5174-bd7b-4fb9-ba18-46abfde5c491,ee8da273-7f54-437c-a5cd-b829b327fcfa,당뇨병 처방,당뇨병 안내,3,0,04d43b30-9695-4378-b3cf-c26c7dbdc09c,kr-mfds-wellness-0091-03-20260212,IV.2.나,2026-08-14 04:04:59.997176+00:00
84b50034-a1c6-4410-8077-24a28efdc2f1,ee8da273-7f54-437c-a5cd-b829b327fcfa,질병 예방,건강 유지,2,0,24204f66-01bd-4fc2-85da-4a010495fb14,kr-pharmaceutical-affairs-act-20260621,제2조,2026-08-14 04:04:59.997176+00:00
6e1c96e8-ca60-43d8-bce1-136b50f20432,ee8da273-7f54-437c-a5cd-b829b327fcfa,질병 치료,건강 증진,2,0,0d40b255-fa1b-4dbb-b619-f5c0d7055130,kr-pharmaceutical-affairs-act-20260621,제2조,2026-08-14 04:04:59.997176+00:00
175d1bf5-e157-436e-9300-e6729e55131a,ee8da273-7f54-437c-a5cd-b829b327fcfa,발병 위험도,발병 통계지수,0,2,,kr-mohw-nonmedical-health-guide-202209,III.5,2026-08-14 04:04:59.997176+00:00
80cd37ee-9769-478e-a2a4-20d23132d0bd,ee8da273-7f54-437c-a5cd-b829b327fcfa,복약지도,복약 정보 제공,3,0,706262f2-641e-4b47-af2f-68e0c815a692,kr-pharmaceutical-affairs-act-20260621,제24조,2026-08-14 04:04:59.997176+00:00
157b15a6-c55e-4d30-980f-afeb4eee248b,ee8da273-7f54-437c-a5cd-b829b327fcfa,병명 규명,건강 상태 확인,0,0,,kr-mohw-nonmedical-health-guide-202209,II.2,2026-08-14 04:04:59.997176+00:00
2f38874c-5fc3-4d4f-b24a-83ab7c652a50,ee8da273-7f54-437c-a5cd-b829b327fcfa,혈압 판단,혈압 변화 확인,1,0,0ddef715-ce99-4777-8703-f69c7e247018,kr-mohw-nonmedical-health-guide-202209,II,2026-08-14 04:04:59.997176+00:00
4f1b5309-a4ee-44a2-907b-613d875de44b,ee8da273-7f54-437c-a5cd-b829b327fcfa,질병 정보 안내,질병 정보 제공,2,0,e1eaa0be-95a7-4c56-958a-3e3edcb0e581,kr-mohw-nonmedical-health-guide-202209,III.1,2026-08-14 04:04:59.997176+00:00
a82291c1-9ff0-40fa-8a61-0b3545b3a797,ee8da273-7f54-437c-a5cd-b829b327fcfa,합병증 안내,합병증 정보 제공,0,0,,kr-mohw-nonmedical-health-guide-202209,III.4,2026-08-14 04:04:59.997176+00:00
42010887-c22a-4de0-8280-dddfff41ef56,ee8da273-7f54-437c-a5cd-b829b327fcfa,사망위험도,사망 통계지수,0,2,,kr-mohw-nonmedical-health-guide-202209,III.5,2026-08-14 04:04:59.997176+00:00
f0261cb3-83c3-4ea3-9384-4b332de05bc5,ee8da273-7f54-437c-a5cd-b829b327fcfa,조제,대체 표현 없음 — 약사 전속 업무이므로 기능 자체를 제외해야 함,3,0,7b550d1d-41ca-4069-90b8-2b2911d9deaf,kr-pharmaceutical-affairs-act-20260621,제23조,2026-08-14 04:04:59.997176+00:00
6d21ee33-794e-4423-abcf-aba2cd3225c1,ee8da273-7f54-437c-a5cd-b829b327fcfa,심장질환 처방,심장질환 안내,3,0,04d43b30-9695-4378-b3cf-c26c7dbdc09c,kr-mfds-wellness-0091-03-20260212,IV.2.나,2026-08-14 04:04:59.997176+00:00
790a2b85-0dfe-41c4-b951-9ac74d837067,ee8da273-7f54-437c-a5cd-b829b327fcfa,심장질환 치료,심장질환 관리,2,0,0d40b255-fa1b-4dbb-b619-f5c0d7055130,kr-mfds-wellness-0091-03-20260212,IV.2.가,2026-08-14 04:04:59.997176+00:00
77d2ac27-3e46-4a38-91ed-51bebaa0615b,ee8da273-7f54-437c-a5cd-b829b327fcfa,고지혈증 치료,고지혈증 관리,2,0,0d40b255-fa1b-4dbb-b619-f5c0d7055130,kr-mfds-wellness-0091-03-20260212,IV.2.가,2026-08-14 04:04:59.997176+00:00
09dd65b2-fec3-460c-b11d-090f219daa1c,ee8da273-7f54-437c-a5cd-b829b327fcfa,비만 치료,비만 관리,2,0,0d40b255-fa1b-4dbb-b619-f5c0d7055130,kr-mfds-wellness-0091-03-20260212,IV.2.가,2026-08-14 04:04:59.997176+00:00
36da5493-f407-40c1-babf-70d7df98bf1e,ee8da273-7f54-437c-a5cd-b829b327fcfa,질환의 진단,질병 변화 확인,2,0,b0f027d6-2bba-4eb3-a171-420c7e4b7a22,kr-mohw-nonmedical-health-guide-202209,II.1,2026-08-14 04:04:59.997176+00:00
dfcbaa2f-acd5-4cef-bee5-fc29c973a276,ee8da273-7f54-437c-a5cd-b829b327fcfa,진단 건강상태,건강 상태 확인,2,0,b0f027d6-2bba-4eb3-a171-420c7e4b7a22,kr-mohw-nonmedical-health-guide-202209,III.4,2026-08-14 04:04:59.997176+00:00
1de03627-c229-4b9b-9f0e-0863395fccdc,ee8da273-7f54-437c-a5cd-b829b327fcfa,체지방 측정,체지방 변화 추이 확인 (수치·알람 기능 없이),1,0,7e02d505-307b-4333-9670-917c95a70d12,kr-mfds-wellness-0091-03-20260212,IV.3,2026-08-14 04:04:59.997176+00:00
ec7f3051-d99b-482e-90b1-b5d3f22f2aa9,ee8da273-7f54-437c-a5cd-b829b327fcfa,스트레스 측정,스트레스 변화 추이 확인 (수치·알람 기능 없이),1,0,abeda1bb-dffb-4b3d-9b84-0d86579771f4,kr-mfds-wellness-0091-03-20260212,IV.3,2026-08-14 04:04:59.997176+00:00
072d9712-805c-424b-97a8-c66572f2df94,ee8da273-7f54-437c-a5cd-b829b327fcfa,고혈압 치료,고혈압 관리,2,0,0d40b255-fa1b-4dbb-b619-f5c0d7055130,kr-mfds-wellness-0091-03-20260212,IV.2.가,2026-08-14 04:04:59.997176+00:00
0e526f2b-1374-443e-9975-0c4d4585a553,ee8da273-7f54-437c-a5cd-b829b327fcfa,저혈압 처치,저혈압 정보 제공,2,0,757c8299-03a0-4919-88f4-ac991bbe8735,kr-mfds-wellness-0091-03-20260212,IV.2.가,2026-08-14 04:04:59.997176+00:00
48f32998-ddcf-4538-b32d-9701d7ec8bba,ee8da273-7f54-437c-a5cd-b829b327fcfa,비만 처치,비만 정보 제공,2,0,757c8299-03a0-4919-88f4-ac991bbe8735,kr-mfds-wellness-0091-03-20260212,IV.2.가,2026-08-14 04:04:59.997176+00:00
64724e76-8b75-4d59-8254-d6fb3b7078a9,ee8da273-7f54-437c-a5cd-b829b327fcfa,진단 질환,건강 상태 확인,2,0,b0f027d6-2bba-4eb3-a171-420c7e4b7a22,kr-mohw-nonmedical-health-guide-202209,II.19,2026-08-14 04:04:59.997176+00:00
8540f32c-3a65-4c39-b661-ce9441a2d7c7,ee8da273-7f54-437c-a5cd-b829b327fcfa,당뇨 치료,당뇨 관리,2,0,0d40b255-fa1b-4dbb-b619-f5c0d7055130,kr-mfds-wellness-0091-03-20260212,IV.2.가,2026-08-14 04:04:59.997176+00:00
32d5f784-6c9c-4bb0-ad61-69ae9783a4a7,ee8da273-7f54-437c-a5cd-b829b327fcfa,당뇨병 치료,당뇨병 관리,2,0,0d40b255-fa1b-4dbb-b619-f5c0d7055130,kr-mfds-wellness-0091-03-20260212,IV.2.가,2026-08-14 04:04:59.997176+00:00
b86cd362-2b8f-4e60-ac9a-dde73d294082,ee8da273-7f54-437c-a5cd-b829b327fcfa,당뇨병 예방,당뇨병 관리 정보 제공,2,0,24204f66-01bd-4fc2-85da-4a010495fb14,kr-mohw-nonmedical-health-guide-202209,III.3,2026-08-14 04:04:59.997176+00:00
7c20daf6-033a-4d60-9c0a-ac7d6a97b081,ee8da273-7f54-437c-a5cd-b829b327fcfa,질병의 치료,질환 관리,2,0,0d40b255-fa1b-4dbb-b619-f5c0d7055130,kr-mohw-nonmedical-health-guide-202209,IV.3,2026-08-14 04:04:59.997176+00:00
5c533814-9792-4211-9d23-cc4f54c2d70a,ee8da273-7f54-437c-a5cd-b829b327fcfa,질환의 치료를 위하여 의료기기 등을 이용하여 환자의 신체에 일정한 조작을 가하는 행위,건강 증진을 위한 기기 사용 안내,2,0,0d40b255-fa1b-4dbb-b619-f5c0d7055130,kr-mohw-nonmedical-health-guide-202209,II.3,2026-08-14 04:04:59.997176+00:00
8adec0c0-c992-47b1-bdd5-ddcff2343e7f,ee8da273-7f54-437c-a5cd-b829b327fcfa,질환명 진단,건강상태 확인,2,0,b0f027d6-2bba-4eb3-a171-420c7e4b7a22,kr-mohw-nonmedical-health-guide-202209,II.3,2026-08-14 04:04:59.997176+00:00
85c3f55c-69d1-4d99-ac4a-14596dd100e0,ee8da273-7f54-437c-a5cd-b829b327fcfa,고혈압 예방,혈압 변화 확인,2,0,24204f66-01bd-4fc2-85da-4a010495fb14,kr-mohw-nonmedical-health-guide-202209,III.2,2026-08-14 04:04:59.997176+00:00
067f22b1-01e7-4a20-aa8c-88c5529950bc,ee8da273-7f54-437c-a5cd-b829b327fcfa,비만 처방,비만 안내,3,0,04d43b30-9695-4378-b3cf-c26c7dbdc09c,kr-mfds-wellness-0091-03-20260212,IV.2.나,2026-08-14 04:04:59.997176+00:00
8643b1e9-54e1-4061-975e-26a160940c37,ee8da273-7f54-437c-a5cd-b829b327fcfa,저혈압 처방,저혈압 안내,3,0,04d43b30-9695-4378-b3cf-c26c7dbdc09c,kr-mfds-wellness-0091-03-20260212,IV.2.나,2026-08-14 04:04:59.997176+00:00
ae313fca-a2e3-4d9f-8434-ae7e9a827def,ee8da273-7f54-437c-a5cd-b829b327fcfa,고지혈증 처방,고지혈증 안내,3,0,04d43b30-9695-4378-b3cf-c26c7dbdc09c,kr-mfds-wellness-0091-03-20260212,IV.2.나,2026-08-14 04:04:59.997176+00:00
005dce27-0159-4778-905e-a28893f2285b,ee8da273-7f54-437c-a5cd-b829b327fcfa,특정 질환의 치료,특정 질환 관리,2,0,0d40b255-fa1b-4dbb-b619-f5c0d7055130,kr-mohw-nonmedical-health-guide-202209,II.2,2026-08-14 04:04:59.997176+00:00
ecc457ad-ac27-4c0c-a0da-82c3f2e373de,ee8da273-7f54-437c-a5cd-b829b327fcfa,치료 질환,건강 상태 확인,2,0,0d40b255-fa1b-4dbb-b619-f5c0d7055130,kr-mohw-nonmedical-health-guide-202209,II.19,2026-08-14 04:04:59.997176+00:00
8357b142-3482-4840-99df-635fe368b5a9,ee8da273-7f54-437c-a5cd-b829b327fcfa,질환의 치료를 위하여 물리적인 방법을 동원하여 환자에게 일정한 조치를 하는 행위,건강 증진을 위한 물리적 방법 안내,2,0,0d40b255-fa1b-4dbb-b619-f5c0d7055130,kr-mohw-nonmedical-health-guide-202209,II.3,2026-08-14 04:04:59.997176+00:00
67ddbe06-c205-44bb-825f-7e913cca84e1,ee8da273-7f54-437c-a5cd-b829b327fcfa,혈압 진단,혈압 변화 확인,2,0,b0f027d6-2bba-4eb3-a171-420c7e4b7a22,kr-mohw-nonmedical-health-guide-202209,II.4,2026-08-14 04:04:59.997176+00:00
958ae124-938f-4f6b-8c66-bb1ce6a153e5,ee8da273-7f54-437c-a5cd-b829b327fcfa,질환 치료,건강 상태 개선,2,0,0d40b255-fa1b-4dbb-b619-f5c0d7055130,kr-mohw-nonmedical-health-guide-202209,II.1,2026-08-14 04:04:59.997176+00:00
51640155-683b-40b5-9117-54ba3de2022f,ee8da273-7f54-437c-a5cd-b829b327fcfa,당뇨 개선,당뇨 향상 도움,2,0,923d2956-cc31-4d28-921b-d159195ec051,kr-mfds-wellness-0091-03-20260212,IV.1.나,2026-08-14 04:04:59.997176+00:00
fa695244-1909-4af1-89a5-c84966fa25d3,ee8da273-7f54-437c-a5cd-b829b327fcfa,당뇨병 개선,당뇨병 향상 도움,2,0,923d2956-cc31-4d28-921b-d159195ec051,kr-mfds-wellness-0091-03-20260212,IV.1.나,2026-08-14 04:04:59.997176+00:00
6ba04676-fb92-45b6-90d8-21d1c57dbcc0,ee8da273-7f54-437c-a5cd-b829b327fcfa,심장질환 개선,심장질환 향상 도움,2,0,99d4a178-e18e-493f-ba7c-d7601e12a5a5,kr-mfds-wellness-0091-03-20260212,IV.1.나,2026-08-14 04:04:59.997176+00:00
58027794-c992-43aa-a13b-30f055b1114f,ee8da273-7f54-437c-a5cd-b829b327fcfa,고지혈증 개선,고지혈증 향상 도움,2,0,a3a89385-e419-4bd5-87c2-cb6042306353,kr-mfds-wellness-0091-03-20260212,IV.1.나,2026-08-14 04:04:59.997176+00:00
cdb59532-d5d4-49b6-9fdf-2341e2187b32,ee8da273-7f54-437c-a5cd-b829b327fcfa,고혈압 개선,고혈압 향상 도움,2,0,9b26d0ba-8588-4bc3-b647-99ee338bfdb3,kr-mfds-wellness-0091-03-20260212,IV.1.나,2026-08-14 04:04:59.997176+00:00
9e402a5a-faea-457b-ad84-05306147fcfe,ee8da273-7f54-437c-a5cd-b829b327fcfa,비만 개선,비만 향상 도움,2,0,6cebd629-f05c-4766-accc-7daf19fb35e6,kr-mfds-wellness-0091-03-20260212,IV.1.나,2026-08-14 04:04:59.997176+00:00
94a0c7aa-1e4a-452e-aa29-0ac3faf2c1a3,ee8da273-7f54-437c-a5cd-b829b327fcfa,저혈압 개선,저혈압 향상 도움,2,0,0783c179-8043-40ed-a6e1-9d0a71c9687f,kr-mfds-wellness-0091-03-20260212,IV.1.나,2026-08-14 04:04:59.997176+00:00
c7bbe117-d1e2-4947-8a6c-0c22044c6233,ee8da273-7f54-437c-a5cd-b829b327fcfa,고혈압 완화,고혈압 관리,2,0,9b26d0ba-8588-4bc3-b647-99ee338bfdb3,kr-medical-device-act-20260701,제2조,2026-08-14 04:04:59.997176+00:00
b2030717-63cc-4130-b33b-5027b43f65f9,ee8da273-7f54-437c-a5cd-b829b327fcfa,심장질환 처치,심장질환 정보 제공,2,0,757c8299-03a0-4919-88f4-ac991bbe8735,kr-mfds-wellness-0091-03-20260212,IV.2.가,2026-08-14 04:04:59.997176+00:00
6291bdd7-9a6d-49df-be44-ce97c0242f55,ee8da273-7f54-437c-a5cd-b829b327fcfa,고지혈증 처치,고지혈증 정보 제공,2,0,757c8299-03a0-4919-88f4-ac991bbe8735,kr-mfds-wellness-0091-03-20260212,IV.2.가,2026-08-14 04:04:59.997176+00:00
6c49eced-77cc-48f1-8e93-b6572ead4515,ee8da273-7f54-437c-a5cd-b829b327fcfa,심장질환 진단,심장질환 확인,2,0,b0f027d6-2bba-4eb3-a171-420c7e4b7a22,kr-medical-act-20260407,제27조,2026-08-14 04:04:59.997176+00:00
b75c6cfa-4c91-4fb8-88ab-9245d7b23195,ee8da273-7f54-437c-a5cd-b829b327fcfa,고지혈증 진단,고지혈증 확인,2,0,b0f027d6-2bba-4eb3-a171-420c7e4b7a22,kr-medical-act-20260407,제27조,2026-08-14 04:04:59.997176+00:00
d5b71cd7-0fa7-42a3-bacd-15228dae12d9,ee8da273-7f54-437c-a5cd-b829b327fcfa,비만 진단,비만 확인,2,0,b0f027d6-2bba-4eb3-a171-420c7e4b7a22,kr-medical-act-20260407,제27조,2026-08-14 04:04:59.997176+00:00
9ef21393-adaa-45f2-913c-da2a6f3076dd,ee8da273-7f54-437c-a5cd-b829b327fcfa,심장질환 완화,심장질환 관리,2,0,99d4a178-e18e-493f-ba7c-d7601e12a5a5,kr-medical-device-act-20260701,제2조,2026-08-14 04:04:59.997176+00:00
ecb0f8c0-e8e6-49c7-af7a-297b14b84f1b,ee8da273-7f54-437c-a5cd-b829b327fcfa,고지혈증 완화,고지혈증 관리,2,0,a3a89385-e419-4bd5-87c2-cb6042306353,kr-medical-device-act-20260701,제2조,2026-08-14 04:04:59.997176+00:00
841128cc-4fb4-4dc7-9cc9-90bec1ca0fa7,ee8da273-7f54-437c-a5cd-b829b327fcfa,당뇨병 처치,당뇨병 정보 제공,2,0,757c8299-03a0-4919-88f4-ac991bbe8735,kr-mfds-wellness-0091-03-20260212,IV.2.가,2026-08-14 04:04:59.997176+00:00
74e666bf-8adc-4d5f-b8f3-12adbe0c8d4e,ee8da273-7f54-437c-a5cd-b829b327fcfa,비만 완화,비만 관리,2,0,6cebd629-f05c-4766-accc-7daf19fb35e6,kr-medical-device-act-20260701,제2조,2026-08-14 04:04:59.997176+00:00
c416c9e0-0827-4beb-8f8b-5fe6f3ba56d2,ee8da273-7f54-437c-a5cd-b829b327fcfa,고혈압 처치,고혈압 정보 제공,2,0,757c8299-03a0-4919-88f4-ac991bbe8735,kr-mfds-wellness-0091-03-20260212,IV.2.가,2026-08-14 04:04:59.997176+00:00
44cba802-e315-432b-b232-c0e0da4fa147,ee8da273-7f54-437c-a5cd-b829b327fcfa,저혈압 완화,저혈압 관리,2,0,0783c179-8043-40ed-a6e1-9d0a71c9687f,kr-medical-device-act-20260701,제2조,2026-08-14 04:04:59.997176+00:00
6921eb8e-31a8-467e-baed-7717b7914f12,ee8da273-7f54-437c-a5cd-b829b327fcfa,당뇨 처치,당뇨 정보 제공,2,0,757c8299-03a0-4919-88f4-ac991bbe8735,kr-mfds-wellness-0091-03-20260212,IV.2.가,2026-08-14 04:04:59.997176+00:00
af91db32-eb8a-4adc-9933-ee4491ff9bf9,ee8da273-7f54-437c-a5cd-b829b327fcfa,당뇨 완화,당뇨 관리,2,0,923d2956-cc31-4d28-921b-d159195ec051,kr-medical-device-act-20260701,제2조,2026-08-14 04:04:59.997176+00:00
4fc2a837-416e-48ef-aa05-56b8e4db8461,ee8da273-7f54-437c-a5cd-b829b327fcfa,당뇨병 완화,당뇨병 관리,2,0,923d2956-cc31-4d28-921b-d159195ec051,kr-medical-device-act-20260701,제2조,2026-08-14 04:04:59.997176+00:00
428e6d8a-d9d5-4a67-9ae4-2f79289fca9c,ee8da273-7f54-437c-a5cd-b829b327fcfa,비만 검사,비만 자가 측정,2,0,6cebd629-f05c-4766-accc-7daf19fb35e6,kr-mfds-wellness-0091-03-20260212,IV.1.가,2026-08-14 04:04:59.997176+00:00
8eee1b5b-5d7b-4ac8-bdc4-498fa373b818,ee8da273-7f54-437c-a5cd-b829b327fcfa,저혈압 검사,저혈압 자가 측정,2,0,0783c179-8043-40ed-a6e1-9d0a71c9687f,kr-mfds-wellness-0091-03-20260212,IV.1.가,2026-08-14 04:04:59.997176+00:00
2719ea7d-46f9-4360-a421-d61c78193ad4,ee8da273-7f54-437c-a5cd-b829b327fcfa,고혈압 판별,고혈압 기록,2,0,9b26d0ba-8588-4bc3-b647-99ee338bfdb3,kr-mfds-wellness-0091-03-20260212,IV.1.가,2026-08-14 04:04:59.997176+00:00
a5975a20-390d-482d-b5f0-34fcc90e222c,ee8da273-7f54-437c-a5cd-b829b327fcfa,저혈압 판별,저혈압 기록,2,0,0783c179-8043-40ed-a6e1-9d0a71c9687f,kr-mfds-wellness-0091-03-20260212,IV.1.가,2026-08-14 04:04:59.997176+00:00
b13f3bde-8a95-484b-bc61-877174267115,ee8da273-7f54-437c-a5cd-b829b327fcfa,당뇨 판별,당뇨 기록,2,0,923d2956-cc31-4d28-921b-d159195ec051,kr-mfds-wellness-0091-03-20260212,IV.1.가,2026-08-14 04:04:59.997176+00:00
6863d0d6-a3fe-4450-b9d0-48e040688efb,ee8da273-7f54-437c-a5cd-b829b327fcfa,당뇨병 판별,당뇨병 기록,2,0,923d2956-cc31-4d28-921b-d159195ec051,kr-mfds-wellness-0091-03-20260212,IV.1.가,2026-08-14 04:04:59.997176+00:00
305f5d18-7ed8-4d66-a8c8-1832ccbbcdf2,ee8da273-7f54-437c-a5cd-b829b327fcfa,심장질환 판별,심장질환 기록,2,0,99d4a178-e18e-493f-ba7c-d7601e12a5a5,kr-mfds-wellness-0091-03-20260212,IV.1.가,2026-08-14 04:04:59.997176+00:00
6a23a483-f2c5-4bb4-88df-dabdcb7834c8,ee8da273-7f54-437c-a5cd-b829b327fcfa,고지혈증 판별,고지혈증 기록,2,0,a3a89385-e419-4bd5-87c2-cb6042306353,kr-mfds-wellness-0091-03-20260212,IV.1.가,2026-08-14 04:04:59.997176+00:00
21d58db6-9fbd-4d9b-a5a4-c25e0cbb201e,ee8da273-7f54-437c-a5cd-b829b327fcfa,비만 판별,비만 기록,2,0,6cebd629-f05c-4766-accc-7daf19fb35e6,kr-mfds-wellness-0091-03-20260212,IV.1.가,2026-08-14 04:04:59.997176+00:00
250f25d8-0ccf-45ed-8584-85138b0edf58,ee8da273-7f54-437c-a5cd-b829b327fcfa,심박수 측정,심박수 변화 추이 확인 (수치·알람 기능 없이),0,0,,kr-mfds-wellness-0091-03-20260212,IV.3,2026-08-14 04:04:59.997176+00:00
46022da4-120c-4851-a1ef-7e5e3efc2535,ee8da273-7f54-437c-a5cd-b829b327fcfa,질환 보유 여부 확인,질환 관련 정보 확인,1,0,aa6ca3f2-d353-4d2f-bb3c-362a36331872,kr-mohw-nonmedical-health-guide-202209,III.1,2026-08-14 04:04:59.997176+00:00
4343e21b-69a1-450d-a361-7b054a1bfebb,ee8da273-7f54-437c-a5cd-b829b327fcfa,혈당 검사,혈당 변화 확인,2,0,ee36846a-9969-4589-881f-a089e2797df4,kr-mohw-nonmedical-health-guide-202209,III.2,2026-08-14 04:04:59.997176+00:00
f6e576e2-6c95-48ac-a208-38560c425c33,ee8da273-7f54-437c-a5cd-b829b327fcfa,고혈압 진단,고혈압 확인,2,0,b0f027d6-2bba-4eb3-a171-420c7e4b7a22,kr-medical-act-20260407,제27조,2026-08-14 04:04:59.997176+00:00
23f1ec1a-e79a-48e5-b5cb-26a76c641577,ee8da273-7f54-437c-a5cd-b829b327fcfa,당뇨 진단,당뇨 확인,2,0,b0f027d6-2bba-4eb3-a171-420c7e4b7a22,kr-medical-act-20260407,제27조,2026-08-14 04:04:59.997176+00:00
dc8fd3c7-d7cc-401c-a9db-caacc8722de5,ee8da273-7f54-437c-a5cd-b829b327fcfa,당뇨병 진단,당뇨병 확인,2,0,b0f027d6-2bba-4eb3-a171-420c7e4b7a22,kr-medical-act-20260407,제27조,2026-08-14 04:04:59.997176+00:00
c4d0502c-1ad4-43ce-8dd2-d4b0e0bf548c,ee8da273-7f54-437c-a5cd-b829b327fcfa,혈당 측정,혈당 변화 추이 확인 (수치·알람 기능 없이),1,0,75c1e149-ac42-4f29-96b0-0901ad13d728,kr-mfds-wellness-0091-03-20260212,IV.3,2026-08-14 04:04:59.997176+00:00
21d8c946-6b3c-4413-9538-55097b24b035,ee8da273-7f54-437c-a5cd-b829b327fcfa,혈압 측정,혈압 변화 추이 확인 (수치·알람 기능 없이),1,0,0ddef715-ce99-4777-8703-f69c7e247018,kr-mfds-wellness-0091-03-20260212,IV.3,2026-08-14 04:04:59.997176+00:00
bc01074d-d322-4fe4-b68f-eaac04dfa7c5,ee8da273-7f54-437c-a5cd-b829b327fcfa,수면 측정,수면 변화 추이 확인 (수치·알람 기능 없이),1,0,6850e4ac-0c98-4fcb-b85e-85de94ab94b8,kr-mfds-wellness-0091-03-20260212,IV.3,2026-08-14 04:04:59.997176+00:00
dffc1bf0-dae6-42f9-920d-88a3d303650b,ee8da273-7f54-437c-a5cd-b829b327fcfa,저혈압 진단,저혈압 확인,2,0,b0f027d6-2bba-4eb3-a171-420c7e4b7a22,kr-medical-act-20260407,제27조,2026-08-14 04:04:59.997176+00:00
9a4ad2b8-4246-4f6b-b8c7-c59a1696d3aa,ee8da273-7f54-437c-a5cd-b829b327fcfa,체중 측정,체중 변화 추이 확인 (수치·알람 기능 없이),0,0,,kr-mfds-wellness-0091-03-20260212,IV.3,2026-08-14 04:04:59.997176+00:00
9a91b5df-756f-4b72-8c42-884aadc55b2c,ee8da273-7f54-437c-a5cd-b829b327fcfa,체성분 측정,체성분 변화 추이 확인 (수치·알람 기능 없이),0,0,,kr-mfds-wellness-0091-03-20260212,IV.3,2026-08-14 04:04:59.997176+00:00
293d3a33-c5b1-4bc8-b65a-6b5a7721c40d,ee8da273-7f54-437c-a5cd-b829b327fcfa,심전도 측정,심전도 변화 추이 확인 (수치·알람 기능 없이),0,0,,kr-mfds-wellness-0091-03-20260212,IV.3,2026-08-14 04:04:59.997176+00:00
b43272ae-a274-4771-8c46-2fa743f21d22,ee8da273-7f54-437c-a5cd-b829b327fcfa,산소포화도 측정,산소포화도 변화 추이 확인 (수치·알람 기능 없이),0,0,,kr-mfds-wellness-0091-03-20260212,IV.3,2026-08-14 04:04:59.997176+00:00
36e4f4a4-8af3-4dca-856e-d1221c72cc00,ee8da273-7f54-437c-a5cd-b829b327fcfa,위험한 혈당 수치별 당질 섭취기준,혈당 관리 기준 안내,1,0,75c1e149-ac42-4f29-96b0-0901ad13d728,kr-mohw-nonmedical-health-guide-202209,III.3,2026-08-14 04:04:59.997176+00:00
f8d8a962-9db6-4ed1-80f3-27cf0affa527,ee8da273-7f54-437c-a5cd-b829b327fcfa,고혈압 검사,고혈압 자가 측정,2,0,9b26d0ba-8588-4bc3-b647-99ee338bfdb3,kr-mfds-wellness-0091-03-20260212,IV.1.가,2026-08-14 04:04:59.997176+00:00
7439c04a-7ada-477e-8beb-9aad3bfbfdec,ee8da273-7f54-437c-a5cd-b829b327fcfa,당뇨 검사,당뇨 자가 측정,2,0,923d2956-cc31-4d28-921b-d159195ec051,kr-mfds-wellness-0091-03-20260212,IV.1.가,2026-08-14 04:04:59.997176+00:00
2ab7ec1e-9a43-4c55-8bef-bc6c07757911,ee8da273-7f54-437c-a5cd-b829b327fcfa,당뇨병 검사,당뇨병 자가 측정,2,0,923d2956-cc31-4d28-921b-d159195ec051,kr-mfds-wellness-0091-03-20260212,IV.1.가,2026-08-14 04:04:59.997176+00:00
cadd21cd-1791-4dc8-b66d-a945f6ed795f,ee8da273-7f54-437c-a5cd-b829b327fcfa,심장질환 검사,심장질환 자가 측정,2,0,99d4a178-e18e-493f-ba7c-d7601e12a5a5,kr-mfds-wellness-0091-03-20260212,IV.1.가,2026-08-14 04:04:59.997176+00:00
212c9fb3-fd01-438f-8936-496c44b363aa,ee8da273-7f54-437c-a5cd-b829b327fcfa,고지혈증 검사,고지혈증 자가 측정,2,0,a3a89385-e419-4bd5-87c2-cb6042306353,kr-mfds-wellness-0091-03-20260212,IV.1.가,2026-08-14 04:04:59.997176+00:00
5e846e34-6401-48cb-aec6-1946362310e4,ee8da273-7f54-437c-a5cd-b829b327fcfa,질병의 진단,질환 확인,2,0,b0f027d6-2bba-4eb3-a171-420c7e4b7a22,kr-mohw-nonmedical-health-guide-202209,II.3,2026-08-14 04:04:59.997176+00:00
27f073a6-5dad-4212-9b9d-d29ba94b8249,ee8da273-7f54-437c-a5cd-b829b327fcfa,처방 질환,건강 상태 확인,3,0,04d43b30-9695-4378-b3cf-c26c7dbdc09c,kr-mohw-nonmedical-health-guide-202209,II.19,2026-08-14 04:04:59.997176+00:00
df97fd56-7d31-4a2e-ad9c-1114cca80ee9,ee8da273-7f54-437c-a5cd-b829b327fcfa,체중감량 의약품 복용 제시,체중감량을 위한 건강한 식습관 안내,2,0,95426919-7d67-4e49-b6de-9aa53e5b6459,kr-mohw-nonmedical-health-guide-202209,III.2,2026-08-14 04:04:59.997176+00:00
71e11faa-be60-4118-af3f-9b4b0d3e8d94,ee8da273-7f54-437c-a5cd-b829b327fcfa,질환치료를 위한 전문의약품의 처방,건강 관리에 필요한 약물 안내,3,0,04d43b30-9695-4378-b3cf-c26c7dbdc09c,kr-mohw-nonmedical-health-guide-202209,II.3,2026-08-14 04:04:59.997176+00:00
4f5ee43b-290e-4701-86ea-3e8715cc2f8f,ee8da273-7f54-437c-a5cd-b829b327fcfa,비만 의약품 복용 제시,비만 관리 방법 안내,2,0,6cebd629-f05c-4766-accc-7daf19fb35e6,kr-mohw-nonmedical-health-guide-202209,III.2,2026-08-14 04:04:59.997176+00:00
fac82c15-c444-444f-b908-40018c924be1,ee8da273-7f54-437c-a5cd-b829b327fcfa,혈당 수치를 점검,혈당 변화 확인,1,0,75c1e149-ac42-4f29-96b0-0901ad13d728,kr-mohw-nonmedical-health-guide-202209,III.3,2026-08-14 04:04:59.997176+00:00
849cbf96-e2e2-4e43-9088-809049ae75fa,ee8da273-7f54-437c-a5cd-b829b327fcfa,대사증후군 개선,대사증후군 관리,2,2,e19264a2-7612-4e6c-99c8-b6df812ad216,kr-mohw-nonmedical-health-guide-202209,III.5,2026-08-14 04:04:59.997176+00:00
