keyword_id,rule_version_id,type,keyword,keyword_category,data_type_focus,verdict,weight,created_at
04d43b30-9695-4378-b3cf-c26c7dbdc09c,f3fd8a09-8a3f-4227-bcf9-858ac2c26b88,PROHIBITED_ACTION,처방,TREATMENT,NONE,FAIL_CONFIRMED,4,2026-08-14 04:05:00.136263+00:00
7b550d1d-41ca-4069-90b8-2b2911d9deaf,f3fd8a09-8a3f-4227-bcf9-858ac2c26b88,PROHIBITED_ACTION,조제,TREATMENT,NONE,FAIL_CONFIRMED,4,2026-08-14 04:05:00.136263+00:00
706262f2-641e-4b47-af2f-68e0c815a692,f3fd8a09-8a3f-4227-bcf9-858ac2c26b88,PROHIBITED_ACTION,복약지도,TREATMENT,NONE,FAIL_CONFIRMED,4,2026-08-14 04:05:00.136263+00:00
92dab2d4-0232-4ade-9c97-f3618100ef75,f3fd8a09-8a3f-4227-bcf9-858ac2c26b88,PROHIBITED_ACTION,투약,TREATMENT,NONE,FAIL_CONFIRMED,4,2026-08-14 04:05:00.136263+00:00
b0f027d6-2bba-4eb3-a171-420c7e4b7a22,f3fd8a09-8a3f-4227-bcf9-858ac2c26b88,PROHIBITED_ACTION,진단,DIAGNOSIS,NONE,FAIL_CANDIDATE,4,2026-08-14 04:05:00.136263+00:00
0d40b255-fa1b-4dbb-b619-f5c0d7055130,f3fd8a09-8a3f-4227-bcf9-858ac2c26b88,PROHIBITED_ACTION,치료,TREATMENT,NONE,FAIL_CANDIDATE,4,2026-08-14 04:05:00.136263+00:00
ae82495f-cc4d-4491-a643-824b868c7304,f3fd8a09-8a3f-4227-bcf9-858ac2c26b88,PROHIBITED_ACTION,경감,TREATMENT,NONE,FAIL_CANDIDATE,4,2026-08-14 04:05:00.136263+00:00
757c8299-03a0-4919-88f4-ac991bbe8735,f3fd8a09-8a3f-4227-bcf9-858ac2c26b88,PROHIBITED_ACTION,처치,TREATMENT,NONE,FAIL_CANDIDATE,4,2026-08-14 04:05:00.136263+00:00
24204f66-01bd-4fc2-85da-4a010495fb14,f3fd8a09-8a3f-4227-bcf9-858ac2c26b88,PROHIBITED_ACTION,예방,TREATMENT,NONE,FAIL_CANDIDATE,4,2026-08-14 04:05:00.136263+00:00
b5ff1bfe-46fd-4ca4-8c11-c8f18a6f9636,f3fd8a09-8a3f-4227-bcf9-858ac2c26b88,DISEASE,생리학적 상태,DIAGNOSIS,NONE,FAIL_CANDIDATE,4,2026-08-14 04:05:00.136263+00:00
c44235cd-a0f2-4d27-9ec8-aa72283a41f2,f3fd8a09-8a3f-4227-bcf9-858ac2c26b88,DISEASE,병리학적 상태,DIAGNOSIS,NONE,FAIL_CANDIDATE,4,2026-08-14 04:05:00.136263+00:00
19ef5d78-68b7-436b-8480-16165b9f2404,f3fd8a09-8a3f-4227-bcf9-858ac2c26b88,DISEASE,질병 소인,DIAGNOSIS,NONE,FAIL_CANDIDATE,4,2026-08-14 04:05:00.136263+00:00
0288e606-592a-4fbc-a42b-4f5a8cb4a2ef,f3fd8a09-8a3f-4227-bcf9-858ac2c26b88,DISEASE,선천적인 장애,DIAGNOSIS,NONE,FAIL_CANDIDATE,4,2026-08-14 04:05:00.136263+00:00
3f470902-25d2-45bb-9494-8f37053a51dc,f3fd8a09-8a3f-4227-bcf9-858ac2c26b88,DISEASE,치료 반응,DIAGNOSIS,NONE,FAIL_CANDIDATE,4,2026-08-14 04:05:00.136263+00:00
293bf9d9-e777-4fe6-b4d5-bdc589f9bb07,f3fd8a09-8a3f-4227-bcf9-858ac2c26b88,DISEASE,치료 효과,DIAGNOSIS,NONE,FAIL_CANDIDATE,4,2026-08-14 04:05:00.136263+00:00
f36d5336-40ae-4bba-a046-6be60d666229,f3fd8a09-8a3f-4227-bcf9-858ac2c26b88,PROHIBITED_ACTION,예후,DIAGNOSIS,NONE,FAIL_CANDIDATE,4,2026-08-14 04:05:00.136263+00:00
6b2ee3e4-af77-46e8-977b-89c0ec9ec639,f3fd8a09-8a3f-4227-bcf9-858ac2c26b88,PROHIBITED_ACTION,모니터링,TREATMENT,NONE,FAIL_CANDIDATE,4,2026-08-14 04:05:00.136263+00:00
923d2956-cc31-4d28-921b-d159195ec051,f3fd8a09-8a3f-4227-bcf9-858ac2c26b88,DISEASE,당뇨,DATA_TYPE,NONE,FAIL_CANDIDATE,4,2026-08-14 04:05:00.136263+00:00
99d4a178-e18e-493f-ba7c-d7601e12a5a5,f3fd8a09-8a3f-4227-bcf9-858ac2c26b88,DISEASE,심장질환,DATA_TYPE,NONE,FAIL_CANDIDATE,4,2026-08-14 04:05:00.136263+00:00
9b26d0ba-8588-4bc3-b647-99ee338bfdb3,f3fd8a09-8a3f-4227-bcf9-858ac2c26b88,DISEASE,고혈압,DATA_TYPE,NONE,FAIL_CANDIDATE,4,2026-08-14 04:05:00.136263+00:00
0783c179-8043-40ed-a6e1-9d0a71c9687f,f3fd8a09-8a3f-4227-bcf9-858ac2c26b88,DISEASE,저혈압,DATA_TYPE,NONE,FAIL_CANDIDATE,4,2026-08-14 04:05:00.136263+00:00
e111cf96-56aa-43a8-97c9-96f2bfb72df6,f3fd8a09-8a3f-4227-bcf9-858ac2c26b88,PROHIBITED_ACTION,의료용,OTHER,NONE,CONTEXT_CHECK,2,2026-08-14 04:05:00.136263+00:00
e1eaa0be-95a7-4c56-958a-3e3edcb0e581,f3fd8a09-8a3f-4227-bcf9-858ac2c26b88,PROHIBITED_ACTION,질병,OTHER,NONE,FAIL_CANDIDATE,4,2026-08-14 04:05:00.136263+00:00
abeda1bb-dffb-4b3d-9b84-0d86579771f4,f3fd8a09-8a3f-4227-bcf9-858ac2c26b88,DISEASE,스트레스,DATA_TYPE,NONE,FAIL_CANDIDATE,2,2026-08-14 04:05:00.136263+00:00
0ddef715-ce99-4777-8703-f69c7e247018,f3fd8a09-8a3f-4227-bcf9-858ac2c26b88,DISEASE,혈압,DATA_TYPE,NUMERIC,FAIL_CANDIDATE,2,2026-08-14 04:05:00.136263+00:00
75c1e149-ac42-4f29-96b0-0901ad13d728,f3fd8a09-8a3f-4227-bcf9-858ac2c26b88,DISEASE,혈당,DATA_TYPE,NUMERIC,FAIL_CANDIDATE,2,2026-08-14 04:05:00.136263+00:00
7e02d505-307b-4333-9670-917c95a70d12,f3fd8a09-8a3f-4227-bcf9-858ac2c26b88,DISEASE,체지방,DATA_TYPE,NUMERIC,FAIL_CANDIDATE,2,2026-08-14 04:05:00.136263+00:00
6850e4ac-0c98-4fcb-b85e-85de94ab94b8,f3fd8a09-8a3f-4227-bcf9-858ac2c26b88,DISEASE,수면,DATA_TYPE,NONE,FAIL_CANDIDATE,2,2026-08-14 04:05:00.136263+00:00
5662d750-d9bd-4eef-b846-b73f557d9d0b,f3fd8a09-8a3f-4227-bcf9-858ac2c26b88,DISEASE,정신적 안정,DATA_TYPE,NONE,FAIL_CANDIDATE,2,2026-08-14 04:05:00.136263+00:00
a3a89385-e419-4bd5-87c2-cb6042306353,f3fd8a09-8a3f-4227-bcf9-858ac2c26b88,DISEASE,고지혈증,DATA_TYPE,NUMERIC,FAIL_CANDIDATE,4,2026-08-14 04:05:00.136263+00:00
030c71b6-6600-404a-825c-c3b6a28f9895,f3fd8a09-8a3f-4227-bcf9-858ac2c26b88,DISEASE,당뇨병,DATA_TYPE,NUMERIC,FAIL_CANDIDATE,4,2026-08-14 04:05:00.136263+00:00
62cf44f6-51d3-4ebd-96f9-cf69e0974626,f3fd8a09-8a3f-4227-bcf9-858ac2c26b88,DISEASE,체온,DATA_TYPE,NUMERIC,FAIL_CANDIDATE,4,2026-08-14 04:05:00.136263+00:00
7e12964e-eb0d-4e66-97f5-b65e06d49a7e,f3fd8a09-8a3f-4227-bcf9-858ac2c26b88,PROHIBITED_ACTION,의료용으로 표시,TREATMENT,NONE,FAIL_CANDIDATE,4,2026-08-14 04:05:00.136263+00:00
123abeb0-98c1-4927-85b9-43e33a63ce81,f3fd8a09-8a3f-4227-bcf9-858ac2c26b88,PROHIBITED_ACTION,질병 유무 판단,DIAGNOSIS,NONE,FAIL_CANDIDATE,4,2026-08-14 04:05:00.136263+00:00
6cebd629-f05c-4766-accc-7daf19fb35e6,f3fd8a09-8a3f-4227-bcf9-858ac2c26b88,DISEASE,비만,DATA_TYPE,NONE,FAIL_CANDIDATE,4,2026-08-14 04:05:00.136263+00:00
d05750b2-3e8a-44be-8baa-c69097af6802,f3fd8a09-8a3f-4227-bcf9-858ac2c26b88,PROHIBITED_ACTION,의료행위,OTHER,NONE,FAIL_CANDIDATE,5,2026-08-14 04:05:00.136263+00:00
f172f070-3596-4529-997e-90ca4c682992,f3fd8a09-8a3f-4227-bcf9-858ac2c26b88,DISEASE,조현병,DATA_TYPE,NONE,FAIL_CANDIDATE,4,2026-08-14 04:05:00.136263+00:00
4fddc887-303f-4bf9-922d-434187baffba,f3fd8a09-8a3f-4227-bcf9-858ac2c26b88,PROHIBITED_ACTION,상담,TREATMENT,NONE,FAIL_CANDIDATE,4,2026-08-14 04:05:00.136263+00:00
0f0efe9c-122c-41c9-a080-0c049c083596,f3fd8a09-8a3f-4227-bcf9-858ac2c26b88,PROHIBITED_ACTION,조언,TREATMENT,NONE,FAIL_CANDIDATE,4,2026-08-14 04:05:00.136263+00:00
58b14177-0e38-4a12-8b5c-77c1287a5c1d,f3fd8a09-8a3f-4227-bcf9-858ac2c26b88,PROHIBITED_ACTION,질병 치료,TREATMENT,NONE,FAIL_CANDIDATE,4,2026-08-14 04:05:00.136263+00:00
57f11d64-e33c-46ef-a054-e36a2d525287,f3fd8a09-8a3f-4227-bcf9-858ac2c26b88,PROHIBITED_ACTION,물리요법적 치료,TREATMENT,NONE,FAIL_CANDIDATE,4,2026-08-14 04:05:00.136263+00:00
95426919-7d67-4e49-b6de-9aa53e5b6459,f3fd8a09-8a3f-4227-bcf9-858ac2c26b88,PROHIBITED_ACTION,의약품 복용 제시,TREATMENT,NONE,FAIL_CANDIDATE,4,2026-08-14 04:05:00.136263+00:00
4e66e3a2-eda7-4c7d-b5f7-3e73373e2c6e,f3fd8a09-8a3f-4227-bcf9-858ac2c26b88,PROHIBITED_ACTION,질병 유무 확인,OTHER,NONE,FAIL_CANDIDATE,4,2026-08-14 04:05:00.136263+00:00
22079a67-95a5-4cc5-85ab-a9113fb9105b,f3fd8a09-8a3f-4227-bcf9-858ac2c26b88,DISEASE,암,DATA_TYPE,NONE,FAIL_CANDIDATE,4,2026-08-14 04:05:00.136263+00:00
e19264a2-7612-4e6c-99c8-b6df812ad216,f3fd8a09-8a3f-4227-bcf9-858ac2c26b88,DISEASE,대사증후군,DATA_TYPE,NONE,FAIL_CANDIDATE,4,2026-08-14 04:05:00.136263+00:00
e5af0749-afa3-46eb-9008-37cf5738d0fc,f3fd8a09-8a3f-4227-bcf9-858ac2c26b88,DISEASE,심전도,DATA_TYPE,NUMERIC,CONTEXT_CHECK,2,2026-08-14 04:05:00.136263+00:00
aa6ca3f2-d353-4d2f-bb3c-362a36331872,f3fd8a09-8a3f-4227-bcf9-858ac2c26b88,DISEASE,질환,OTHER,NONE,CONTEXT_CHECK,2,2026-08-14 04:05:00.136263+00:00
65653a53-69fc-4af4-a275-72fc6e457220,f3fd8a09-8a3f-4227-bcf9-858ac2c26b88,PROHIBITED_ACTION,시술,TREATMENT,NONE,FAIL_CANDIDATE,4,2026-08-14 04:05:00.136263+00:00
ee36846a-9969-4589-881f-a089e2797df4,f3fd8a09-8a3f-4227-bcf9-858ac2c26b88,PROHIBITED_ACTION,검사,OTHER,NONE,FAIL_CANDIDATE,4,2026-08-14 04:05:00.136263+00:00
bfc5b365-b3bb-4e94-b178-f49ec09bf93a,f3fd8a09-8a3f-4227-bcf9-858ac2c26b88,PROHIBITED_ACTION,의사 상담,TREATMENT,NONE,FAIL_CANDIDATE,4,2026-08-14 04:05:00.136263+00:00
2b74d8de-b295-4314-884c-36a99b3dd840,f3fd8a09-8a3f-4227-bcf9-858ac2c26b88,PROHIBITED_ACTION,검사 결정,TREATMENT,NONE,FAIL_CANDIDATE,4,2026-08-14 04:05:00.136263+00:00
fac78de9-dfca-497e-93d4-2f6162a4d3a3,f3fd8a09-8a3f-4227-bcf9-858ac2c26b88,PROHIBITED_ACTION,질병 의심소견 확인,TREATMENT,NONE,FAIL_CANDIDATE,4,2026-08-14 04:05:00.136263+00:00
d26ca930-290b-4403-8e9b-e0dc421acda8,f3fd8a09-8a3f-4227-bcf9-858ac2c26b88,PROHIBITED_ACTION,질병 치료 추천,TREATMENT,NONE,FAIL_CANDIDATE,4,2026-08-14 04:05:00.136263+00:00
0c0406b8-3d4d-4f75-83d1-28ee0db1f011,f3fd8a09-8a3f-4227-bcf9-858ac2c26b88,DISEASE,질병 정보,DIAGNOSIS,NONE,CONTEXT_CHECK,2,2026-08-14 04:05:00.136263+00:00
d0346003-716a-459c-b41f-7379520f4f14,f3fd8a09-8a3f-4227-bcf9-858ac2c26b88,PROHIBITED_ACTION,의료적 검사,TREATMENT,NONE,FAIL_CANDIDATE,4,2026-08-14 04:05:00.136263+00:00
65b569db-4248-486b-bd62-b1423384129c,f3fd8a09-8a3f-4227-bcf9-858ac2c26b88,PROHIBITED_ACTION,의사 처방,TREATMENT,NONE,FAIL_CANDIDATE,4,2026-08-14 04:05:00.136263+00:00
a3052b53-007a-4572-bb6a-6714d35fbbb1,f3fd8a09-8a3f-4227-bcf9-858ac2c26b88,PROHIBITED_ACTION,의약품 복용,TREATMENT,NONE,FAIL_CANDIDATE,4,2026-08-14 04:05:00.136263+00:00
99da4049-c9ff-4587-95eb-5089147fc763,f3fd8a09-8a3f-4227-bcf9-858ac2c26b88,PROHIBITED_ACTION,의료적 상담,TREATMENT,NONE,FAIL_CANDIDATE,4,2026-08-14 04:05:00.136263+00:00
123fe6a2-3400-4757-a7fa-807220468ba7,f3fd8a09-8a3f-4227-bcf9-858ac2c26b88,PROHIBITED_ACTION,의사의 처방,TREATMENT,NONE,FAIL_CANDIDATE,4,2026-08-14 04:05:00.136263+00:00
01779c26-a549-4939-9f36-ede04ec5698a,f3fd8a09-8a3f-4227-bcf9-858ac2c26b88,PROHIBITED_ACTION,약물에 대해 설명,TREATMENT,NONE,FAIL_CANDIDATE,4,2026-08-14 04:05:00.136263+00:00
3115d1b0-02d7-4252-a14a-700e2bd11841,f3fd8a09-8a3f-4227-bcf9-858ac2c26b88,DISEASE,건강지표,DATA_TYPE,NONE,FAIL_CANDIDATE,4,2026-08-14 04:05:00.136263+00:00
6cc599ef-5594-40c2-b395-04e60b998067,f3fd8a09-8a3f-4227-bcf9-858ac2c26b88,PROHIBITED_ACTION,금연,TREATMENT,NONE,CONTEXT_CHECK,2,2026-08-14 04:05:00.136263+00:00
f8bacd49-30d7-4426-be5a-496be25ca77b,f3fd8a09-8a3f-4227-bcf9-858ac2c26b88,PROHIBITED_ACTION,절주,TREATMENT,NONE,CONTEXT_CHECK,2,2026-08-14 04:05:00.136263+00:00
b3e550f8-bcfd-4ed2-a2cc-7abf7e790fde,f3fd8a09-8a3f-4227-bcf9-858ac2c26b88,PROHIBITED_ACTION,스트레스 관리,TREATMENT,NONE,CONTEXT_CHECK,2,2026-08-14 04:05:00.136263+00:00
b0b42259-0dae-44b3-9de3-ff74748de17f,f3fd8a09-8a3f-4227-bcf9-858ac2c26b88,DISEASE,인플루엔자,DATA_TYPE,NONE,CONTEXT_CHECK,2,2026-08-14 04:05:00.136263+00:00
71a878b2-2372-4456-9fb8-5d2c93a155a5,f3fd8a09-8a3f-4227-bcf9-858ac2c26b88,PROHIBITED_ACTION,복약시간,TREATMENT,NONE,FAIL_CANDIDATE,4,2026-08-14 04:05:00.136263+00:00
10f82f44-cd9a-4f03-a7a8-387a884c24c4,f3fd8a09-8a3f-4227-bcf9-858ac2c26b88,PROHIBITED_ACTION,복약,TREATMENT,NONE,FAIL_CANDIDATE,4,2026-08-14 04:05:00.136263+00:00
49afe658-f732-45d0-b19a-923be5aabae4,f3fd8a09-8a3f-4227-bcf9-858ac2c26b88,DISEASE,건강,DATA_TYPE,NONE,CONTEXT_CHECK,2,2026-08-14 04:05:00.136263+00:00
